"pathway","pval","padj","log2err","ES","NES","size","leadingEdge"
"HALLMARK_MYC_TARGETS_V1",1.36826633906885e-39,3.42066584767212e-38,1.6407416852705,0.702119588268037,3.05718535956938,199,"RAN; YWHAQ; ILF2; HDGF; CBX3; TRA2B; SNRPG; SRPK1; PGK1; LDHA; HNRNPA2B1; MCM7; PSMB2; PSMD14; NCBP2; MCM2; PABPC4; GLO1; RANBP1; LSM2; CDC20; NME1; EPRS1; SMARCC1; STARD7; MCM4; SSB; COPS5; CAD; SRSF3; PSMD1; PABPC1; ODC1; DEK; HNRNPA3; HNRNPU; BUB3; PPM1G; H2AZ1; CCT3; DDX21; PCNA; SYNCRIP; PPIA; NOLC1; APEX1; RFC4; TRIM28; C1QBP; CCT4; IARS1; MCM6; PSMA6; PRPF31; TXNL4A; KPNA2; CCT2; UBA2; HNRNPR; HSPE1; NHP2; PCBP1; EIF4G2; SERBP1; SRM; GNL3; CNBP; NAP1L1; PSMD3; CTPS1; COX5A; SNRPA; TFDP1; PSMA7; RPLP0; CDC45; CYC1; USP1; HSPD1; SNRPD1; SNRPD2; SNRPD3; PSMB3; UBE2E1; KPNB1; CDK2; CUL1; IFRD1; SNRPB2; RPS2; G3BP1; EIF2S2; PHB2; SRSF1; CCT7; PSMC4; RAD23B; EIF4H; RPL22; CLNS1A; PSMA1; TUFM; PSMD8; TOMM70; PSMC6; XPO1; NOP56; PSMA4; CANX; NOP16; RNPS1; DHX15; MRPL9; YWHAE; PRDX4; HDAC2; GSPT1; HSP90AB1; CSTF2; XPOT; ACP1; TYMS; FBL; CCT5; EIF4A1; AIMP2; PSMD7; NDUFAB1; RRM1; NCBP1; VDAC1; RPS6; CDK4"
"HALLMARK_E2F_TARGETS",3.22338248757504e-40,1.61169124378752e-38,1.6533146023566,0.699690053499414,3.04836124819225,200,"STMN1; CDKN2A; RAN; TUBB; SNRPB; DDX39A; HMGA1; MYBL2; NCAPD2; RNASEH2A; LMNB1; KIF2C; RAD21; JPT1; MCM3; PRKDC; TRA2B; EZH2; SMC4; TOP2A; AK2; MKI67; UBE2T; CKS2; DNMT1; CDCA3; MCM7; MTHFD2; MCM2; TIMELESS; RANBP1; HELLS; PNN; CDC20; NME1; AURKA; CKS1B; MCM4; SPC24; UBE2S; AURKB; NUP107; DEK; GINS1; DCTPP1; POLE; H2AZ1; ATAD2; PLK1; CCNE1; MELK; PCNA; NASP; CCNB2; TACC3; SYNCRIP; CDK1; CENPM; DSCC1; NOLC1; TUBG1; RAD51AP1; TFRC; CDCA8; PTTG1; DCK; SMC1A; MCM6; PRIM2; TMPO; KPNA2; BUB1B; TBRG4; ILF3; CHEK1; NBN; ASF1B; NUP205; NAP1L1; KIF18B; CTPS1; DLGAP5; LBR; HMGB3; SSRP1; USP1; ESPL1; MSH2; TCF19; CDKN3; CSE1L; SRSF1; CDC25B; KIF22; TRIP13; WEE1; RACGAP1; XPO1; NOP56; POP7; RAD51C; HMGB2; BRCA2; CDKN1B; BRCA1; ASF1A; STAG1; PRDX4; GSPT1; NUP153; UNG; SMC3; RFC2; CBX5; POLD1; POLA2; ANP32E; CHEK2; NUDT21; CDK4; RFC3; DIAPH3; TK1; H2AX; DEPDC1; SPC25; EIF2S1; CIT; NAA38; IPO7; RPA3; RPA1; PPP1R8; HMMR"
"HALLMARK_G2M_CHECKPOINT",7.54850171976244e-34,1.25808361996041e-32,1.51610760180865,0.671493475691268,2.9189066517368,197,"STMN1; UBE2C; DDX39A; ATRX; HMGA1; MYBL2; MT2A; LMNB1; KIF2C; RAD21; E2F1; JPT1; MCM3; INCENP; TRA2B; NUSAP1; EZH2; SMC4; TOP2A; DTYMK; MKI67; CKS2; SLC38A1; TROAP; MCM2; NCL; CDC20; AURKA; SMARCC1; CKS1B; E2F3; BUB1; UBE2S; AURKB; CHAF1A; TTK; ODC1; CENPF; TOP1; HNRNPU; BUB3; POLE; H2AZ1; SFPQ; TPX2; PLK1; KIF11; NASP; CCNB2; PRC1; TACC3; UCK2; SYNCRIP; CDK1; NOLC1; KIF23; RAD54L; CDC6; PTTG1; NDC80; SMC1A; MCM6; PRIM2; FBXO5; TMPO; KPNA2; DR1; HSPA8; NUP98; TGFB1; ILF3; CHEK1; CENPA; SLC7A1; MNAT1; TFDP1; LBR; HMGB3; CDC7; CDC45; PRMT5; EXO1; SNRPD1; MTF2; ESPL1; ATF5; KPNB1; CUL1; NEK2; KIF5B; CDKN3; G3BP1; SRSF1; PML; CDC25B; RAD23B; SRSF10; KIF22; KNL1; RACGAP1; XPO1; MARCKS; BRCA2; STIL; CDKN1B; STAG1; SQLE; TRAIP; CCNF; GSPT1; E2F4"
"HALLMARK_EPITHELIAL_MESENCHYMAL_TRANSITION",2.11696379862385e-23,2.64620474827981e-22,1.25451347943706,0.603062826142797,2.62738242489614,200,"FN1; CTHRC1; ITGB1; BASP1; BGN; COL1A1; TNFRSF12A; IGFBP2; VCAN; SERPINE1; COL4A1; THY1; CALU; CCN1; NNMT; MEST; TGFBI; VEGFA; GADD45A; SPP1; TAGLN; COL5A2; LAMC1; EFEMP2; TPM4; THBS2; MCM7; MXRA5; COMP; TNC; SPARC; MMP14; COL3A1; CAPG; LOXL1; COL1A2; ITGA5; TPM2; FLNA; P3H1; HTRA1; DPYSL3; IGFBP3; CDH11; LGALS1; MMP2; PLAUR; FBN2; THBS1; INHBA; SDC1; DST; COL4A2; FBLN2; COL11A1; WIPF1; PTX3; TGFB1; GPC1; GPX7; FAP; IL32; ITGB5; FSTL1; ANPEP; PMEPA1; PLOD2; JUN; PLOD1; COPA; LUM; PCOLCE; LAMA1; LOX; TPM1; RHOB; GJA1; SERPINH1; COL6A2; CXCL1; CCN2; CADM1; LOXL2; ID2; SDC4; LRP1; GEM; PLOD3; FERMT2; COL12A1; COL5A1; CXCL8; MYL9; SLIT3; CXCL12; COL8A2; ELN; CDH6; FMOD; WNT5A; TNFAIP3; TIMP1; CAP2; AREG"
"HALLMARK_INTERFERON_GAMMA_RESPONSE",1.52709265172685e-18,1.52709265172685e-17,1.11466447751729,0.573571770664073,2.49451930081596,198,"ISG15; PIM1; ADAR; STAT1; UBE2L6; MT2A; ICAM1; IFI30; EIF2AK2; EPSTI1; STAT2; MX1; CFH; HLA-B; IFI27; HLA-A; PSMB2; IFI44L; SOCS3; MTHFD2; BST2; IFI44; PNP; IRF9; PSMA3; IFIT1; SERPING1; OAS2; PNPT1; AUTS2; RSAD2; RNF213; IRF7; C1S; OAS3; CMPK2; NAMPT; PTPN2; SOD2; CFB; CMTR1; BPGM; LY6E; PTPN6; MX2; NCOA3; CXCL9; IFITM2; TNFSF10; PTPN1; ARID5B; DDX60; CCL2; PLSCR1; NLRC5; PSME2; PML; PELI1; VAMP8; RBCK1; WARS1; IRF4; CD40; PSMB8; ZNFX1; TRIM14; LGALS3BP; IFITM3; HELZ2; FPR1; C1R; NMI; CD69; TAPBP; MYD88; TNFAIP2; SECTM1; CASP8; IFIT3; HLA-DRB1; OASL; HLA-DQA1; TNFAIP3; CXCL11; SOCS1; PSME1; RTP4; RNF31; RIPK1; XAF1; TNFAIP6; VCAM1; IL4R; MARCHF1; LAP3; ZBP1; TOR1B; PARP14; IL10RA; IL6; CASP4; SAMD9L; SLC25A28; GCH1; IFI35; SLAMF7; PFKP; TAP1; TRIM26; IFIH1; IL18BP; CD86; STAT4; CD74; NUP93; STAT3"
"HALLMARK_MTORC1_SIGNALING",2.04206492154215e-15,1.70172076795179e-14,1.00731795687447,0.543498064522007,2.36372583388576,198,"ENO1; ACTR3; DDX39A; ACTR2; IFI30; CALR; GPI; PGK1; LDHA; SCD; GMPS; PNO1; M6PR; PSMD14; PSAT1; ALDOA; MTHFD2; MCM2; PNP; AURKA; EPRS1; MCM4; PSMA3; COPS5; BUB1; RAB1A; LGMN; ABCF2; PLK1; TBK1; SHMT2; PHGDH; PPIA; CACYBP; TUBG1; TFRC; BCAT1; NAMPT; SQSTM1; FADS2; HSPA9; PGM1; YKT6; HSPE1; SLC2A3; TPI1; NUP205; HSPA4; DHCR7; G6PD; HSPD1; PRDX1; PLOD2; ARPC5L; STIP1; TES; ASNS; IFRD1; SERPINH1; EIF2S2; PSMC4; WARS1; PDAP1; MLLT11; PSMD13; PSMC6; SLC2A1; PSMA4; CANX; SERP1; CXCR4; SQLE; CCNF; PSMG1; EBP; PSMC2; CTSC; UNG; SEC11A; SLA; PPA1; DDIT4; UCHL5; DDIT3; GLA; SDF2L1; PSMD12; PDK1; GSK3B; ERO1A; IDH1; RPA1; SLC7A5; RPN1; GOT1"
"HALLMARK_UNFOLDED_PROTEIN_RESPONSE",7.65002276448174e-11,4.2500126469343e-10,0.839088935621274,0.577517672845545,2.33011457202534,111,"EIF4G1; WIPI1; NABP1; CEBPB; CALR; FUS; VEGFA; EIF4EBP1; PDIA6; PSAT1; MTHFD2; NFYA; EIF4A3; CKS1B; HYOU1; IFIT1; SHC1; SRPRB; ALDH18A1; NOLC1; EXOC2; IARS1; PREB; HSPA9; NHP2; YWHAZ; TARS1; ASNS; KIF5B; CCL2; LSM1; LSM4; DCTN1; NOP56; PAIP1; YIF1A; NFYB; SERP1; PDIA5; CEBPG; XPOT; CNOT2; TUBB2A; SPCS1; EIF4A1; STC2; SEC11A; DKC1; CNOT6; DDIT4; GEMIN4; EXOSC5; SRPRA; EXOSC4; H2AX; ATF4; ERO1A; EIF2S1; POP4; SLC7A5; KHSRP; ATF3; BANF1"
"HALLMARK_MYC_TARGETS_V2",2.61644268591715e-08,1.00632410996813e-07,0.73376198835648,0.636614282665396,2.30324057089363,57,"CBX3; MCM4; DCTPP1; PLK1; NOLC1; BYSL; MPHOSPH10; MRTO4; TBRG4; HSPE1; SRM; GNL3; PPRC1; HSPD1; FARSA; IPO4; TFB2M; WDR43; NOP56; NOP16; PUS1; UTP20; MYBBP1A; SLC19A1; NOC4L; AIMP2; UNG; NOP2; WDR74; EXOSC5; CDK4; DDX18; SLC29A2; NDUFAF4; SUPV3L1; TMEM97; IMP4; DUSP2; LAS1L"
"HALLMARK_INTERFERON_ALPHA_RESPONSE",7.38625766505848e-10,3.69312883252924e-09,0.801215574617779,0.577491666756312,2.28387017072274,97,"ISG15; ADAR; UBE2L6; IFI30; EIF2AK2; EPSTI1; STAT2; MX1; IFI27; IFI44L; BST2; IFI44; OAS1; IRF9; PSMA3; CD47; PNPT1; RSAD2; IFITM1; IRF7; C1S; CMPK2; CMTR1; LY6E; IFITM2; LAMP3; DDX60; HLA-C; PLSCR1; PSME2; NCOA7; WARS1; PSMB8; MOV10; TRIM14; LGALS3BP; IFITM3; HELZ2; NMI; MVB12A; CASP8; IFIT3; OASL; CXCL11; NUB1; PSME1; RTP4; RNF31; SAMD9; IL4R; LAP3; PARP14; CNP; SAMD9L; SLC25A28; IFI35; TAP1; TRIM26; IFIH1"
"HALLMARK_TNFA_SIGNALING_VIA_NFKB",2.5286763530846e-13,1.80619739506043e-12,0.932595211336209,0.51990916087222,2.26113540240174,198,"SERPINE1; CCN1; ICAM1; CEBPB; B4GALT5; FOSL2; PLAU; VEGFA; GADD45A; TNC; TRIB1; SOCS3; DUSP5; CCNL1; PLAUR; IER3; INHBA; SIK1; TNIP2; NAMPT; SQSTM1; MXD1; SOD2; PTX3; SLC2A3; KLF6; MCL1; PMEPA1; KDM6B; PHLDA1; TNF; JUN; PLK2; YRDC; CCL2; RHOB; TGIF1; JUNB; ACKR3; SGK1; CXCL1; PTPRE; IER2; HES1; EHD1; ID2; MARCKS; SDC4; GEM; MAP3K8; PDLIM5; GPR183; OLR1; TUBB2A; CD69; REL; TNFAIP2; LIF; CLCF1; TNFAIP3; DENND5A; KYNU; CXCL11; AREG; PLEK; SPHK1; RELB; ZBTB10; SNN; FJX1; BCL3; FOS; MSC; HBEGF; TNFAIP6; RCAN1; NFKBIE; TRIP10; ATF3; TNFRSF9; EGR1; DUSP1; GFPT2; IL6; CCL20; ATP2B1; GCH1; PLPP3; EDN1; DUSP2; BCL6; TAP1; IFIH1; ZFP36; GADD45B; NR4A3; DUSP4; BMP2; BCL2A1; NFIL3; SPSB1; DRAM1; ETS2; SERPINB2; PDE4B; RELA; BIRC2; B4GALT1; NINJ1; LDLR; NFKBIA; RNF19B; CXCL3; BHLHE40; EGR2; TLR2"
"HALLMARK_MITOTIC_SPINDLE",8.38533952429813e-13,5.24083720268633e-12,0.921426003494898,0.514721014106232,2.23857164856106,198,"ANLN; ECT2; LMNB1; MYO9B; KIF2C; INCENP; NUSAP1; SMC4; TOP2A; TRIO; DLG1; DYNC1H1; AURKA; VCL; BUB1; FSCN1; TTK; CENPF; ARHGAP4; CLASP1; TPX2; PLEKHG2; FLNA; PLK1; KIF11; BCL2L11; CCNB2; PRC1; STK38L; SOS1; CDK1; RASA2; KIF23; DST; NDC80; KIF3C; SMC1A; FBXO5; EPB41; SEPTIN9; RHOF; MAPRE1; MYH9; ARHGEF2; CCDC88A; KIF1B; PREX1; DLGAP5; ARHGEF11; RAB3GAP1; ABI1; LLGL1; ESPL1; CKAP5; PCNT; NEK2; KIF5B; NF1; KPTN; KNTC1; KIF22; RANBP9; RACGAP1; RALBP1; MARCKS; BRCA2; FARP1; EZR; CLIP2; YWHAE; PDLIM5; MYH10; CYTH2; CAPZB; NCK1; CSNK1D; CTTN; NET1; SASS6; SMC3; ARHGAP27"
"HALLMARK_TGF_BETA_SIGNALING",3.41505098830932e-07,1.10711210376915e-06,0.674962860011025,0.622545270862684,2.2275335718707,54,"SKIL; SERPINE1; SLC20A1; SKI; CTNNB1; SMAD7; BMPR2; WWTR1; FKBP1A; LTBP2; MAP3K7; THBS1; PPP1CA; TRIM33; TGFB1; RAB31; PMEPA1; SMAD6; BCAR3; TGIF1; JUNB; ID2; TGFBR1; ACVR1; ID1"
"HALLMARK_ALLOGRAFT_REJECTION",8.97793066078122e-09,4.08087757308237e-08,0.747739663149885,0.458455873754342,1.9962191750094,199,"CDKN2A; STAT1; THY1; ICAM1; HLA-A; DEGS1; CAPG; NME1; LTB; CD47; FLNA; HCLS1; EIF5A; MAP3K7; HLA-E; INHBA; CSK; IRF7; GZMB; BCAT1; TGFB1; PTPN6; CXCL9; EIF3A; ETS1; ABI1; TNF; SRGN; FYB1; RPS19; CCL2; DARS1; RPL39; MMP9; WARS1; IRF4; CD40; SPI1; GALNT1; MRPL3; BRCA1; HLA-DMB; GCNT1; AKT1; PTPRC; TPD52; CD8B; STAB1; TAPBP; NCK1; LIF; IFNGR1; CCL19; C2; BCL10; HLA-DQA1; TIMP1; MTIF2; FGR; CXCL13; SOCS1; EIF4G3; BCL3; CD79A; IL4R; ELF4; PRF1; CD7; CD3E; TRAF2; IL6; TGFB2; ITGB2; NCF4; PRKCB; RARS1; CD4; TAP1; SOCS5; ITGAL; CD86; IL27RA; F2R; LYN; STAT4; CD74; RPS9; WAS; TRAT1; AARS1; FCGR2B; UBE2D1; ACVR2A; CCR2"
"HALLMARK_IL6_JAK_STAT3_SIGNALING",4.8458712443384e-06,1.15377886769962e-05,0.610526878385931,0.512485234117479,1.99257968249679,87,"PIM1; TNFRSF12A; STAT1; GRB2; STAT2; TNFRSF21; SOCS3; IRF9; LTB; PTPN2; EBI3; TGFB1; TYK2; CXCL9; PTPN1; TNF; JUN; HAX1; LTBR; CXCL1; MAP3K8; BAK1; MYD88; ITGA4; IFNGR1; OSMR; CXCL11; CXCL13; SOCS1; ACVR1B; IL13RA1; CBL; IL4R; CD14; PIK3R5; HMOX1; CD9; IL6"
"HALLMARK_UV_RESPONSE_UP",9.98196717345412e-08,3.56498827623362e-07,0.704975715167238,0.468287399019311,1.9787549222805,157,"IGFBP2; ICAM1; AP2S1; ALDOA; PPT1; KLHDC3; MMP14; PRKACA; CLTB; GRINA; FEN1; HNRNPU; DDX21; CCNE1; BCL2L11; UROD; NPTX2; TFRC; RFC4; ATP6V1F; SQSTM1; SOD2; GGH; YKT6; BID; HSPA13; TARS1; FGF18; PSMC3; PPP1R2; STIP1; CDK2; GLS; ASNS; WIZ; DNAJA1; RHOB; HLA-F; AGO2; CREG1; JUNB; PDAP1; GPX3; PPIF; EPCAM; CLCN2; CDC34; PARP2; E2F5; CDKN2B; CEBPG; ALAS1; SIGMAR1; BAK1; MARK2; CDKN1C; H2AX; NUP58; PPAT; POLR2H; FOS; RPN1; DLG4; ARRB2; ATF3; COL2A1; PDLIM3; CA2; PRKCD; LHX2; HYAL2; HMOX1; IL6; CNP"
"HALLMARK_OXIDATIVE_PHOSPHORYLATION",2.51906780092237e-08,1.00632410996813e-07,0.73376198835648,0.451776756276376,1.96713680711984,199,"ATP5MG; CYCS; GPI; LDHB; ATP5MF; NDUFS6; LDHA; MRPS15; ATP5MC2; ATP6V0B; TIMM17A; COX6A1; TIMM10; MDH2; HSD17B10; NDUFV2; OPA1; ATP6V1F; ATP5ME; HSPA9; SLC25A5; FH; ATP5F1E; UQCRC1; MRPL34; MRPL11; TIMM8B; COX5A; IDH3B; NDUFB6; NDUFS8; COX5B; CYC1; COX7A2; PDHX; GPX4; COX8A; ATP6V1G1; MRPL15; ATP6AP1; ATP5MC3; NNT; IDH2; PHB2; NDUFS3; ATP5PD; ATP5F1B; MTX2; ATP6V1H; UQCRQ; TOMM70; ATP5F1C; MRPS22; VDAC2; ATP5PO; NDUFA7; ALAS1; TIMM50; MRPS12; NDUFB3; SDHB; PDHA1; MDH1; UQCRFS1; POR; COX6C; NDUFAB1; VDAC1; COX7B; OAT; ACAA2; TOMM22; COX6B1; DLST; NDUFV1; IDH1; HTRA2; TCIRG1; ATP1B1; CS; NDUFB4; SUPV3L1; NDUFB2; COX17; ACADM; DECR1; PHYH; PRDX3; NDUFA9; VDAC3; AFG3L2; SLC25A11; COX7A2L; SDHC; SLC25A12"
"HALLMARK_APOPTOSIS",1.30097600489098e-06,3.82640001438523e-06,0.643551836150722,0.446760163099716,1.89623409722445,161,"BGN; PEA15; TNFRSF12A; GPX1; SLC20A1; EMP1; TOP2A; GADD45A; PPP3R1; IGF2R; PPT1; CTNNB1; SMAD7; PTK2; DAP3; BCL2L11; MMP2; IER3; SQSTM1; BMF; SOD2; BID; MCL1; TIMP2; TNFSF10; TNF; JUN; GPX4; CDK2; LUM; DNAJA1; RHOB; CDC25B; WEE1; GPX3; PDCD4; BCL2L1; HMGB2; VDAC2; CDKN1B; IFITM3; BRCA1; APP; EBP; PAK1; LEF1; ANKH; CD69; ERBB3; IFNGR1; CASP8; CASP6; DFFA; BCL10; TIMP1; DDIT3"
"HALLMARK_DNA_REPAIR",2.31971644653313e-06,6.10451696456088e-06,0.627256739718528,0.45054200773893,1.88990540557506,148,"ZWINT; POLR2K; SEC61A1; ADRM1; NCBP2; PNP; NME1; FEN1; POLR2J; HCLS1; PCNA; NELFCD; ITPA; ALYREF; RFC4; CMPK2; TAF13; SF3A3; RBX1; POLR2G; ERCC2; SSRP1; ADA; GPX4; RALA; PRIM1; RNMT; CSTF3; TAF10; POLD4; POLR3C; GTF2A2; VPS37B; TYMS; VPS28; NME4; RFC5; SUPT4H1; GUK1; RFC2; ERCC3; POLB; POLD1; TARBP2; POLA2; NUDT21; SAC3D1; DGUOK; RFC3; NELFB; DDB1; ARL6IP1; BCAM; RPA3; RAE1; POLR2H; POLR1H; BCAP31; UMPS; DAD1; TMED2; COX17; SNAPC5; POLR2A; HPRT1; CANT1; AAAS; ERCC1; POLE4; GTF3C5; STX3"
"HALLMARK_PI3K_AKT_MTOR_SIGNALING",2.07688654657034e-05,4.32684697202153e-05,0.575610261071129,0.467482598071782,1.87239412108608,105,"ACTR3; CFL1; ACTR2; GRB2; CALR; STAT2; E2F1; YWHAB; AP2M1; TBK1; CDK1; PLCG1; MAP3K7; PPP1CA; SQSTM1; ARF1; PFN1; CLTC; SMAD2; PIKFYVE; CDK2; CSNK2B; ARPC3; RAF1; SLC2A1; CDKN1B; GRK2; AKT1; CXCR4; CAMK4; NCK1; MYD88; SLA; CDK4; DDIT3; PDK1; GSK3B; VAV3; RIPK1; ARHGDIA; PIN1; RPTOR; TRAF2; DUSP3; MAPK1; RPS6KA1; PRKCB"
"HALLMARK_APICAL_JUNCTION",3.54275873206127e-07,1.10711210376915e-06,0.674962860011025,0.429201137818562,1.86538079772065,196,"ITGB1; ADAM15; VCAN; THY1; MPZL1; ICAM1; VASP; CNN2; MSN; TGFBI; CERCAM; DLG1; ZYX; CAP1; INPPL1; PTK2; CLDN11; VCL; FSCN1; SHC1; CD276; CDH3; MDK; CDH11; PLCG1; GNAI2; MMP2; TUBG1; NLGN2; CLDN6; MYL12B; RHOF; MYH9; TIAL1; PFN1; NECTIN2; FYB1; NF1; ACTN1; MMP9; JUP; SRC; EVL; NEGR1; SIRPA; NECTIN1; PTPRC; MYH10; DHX16; SYMPK; MYL9; YWHAH; ACTG2; MAP4K2; RAC2; CDH6; ADAM9; LAYN; TNFRSF11B; VCAM1; CNTN1; CLDN4; ATP1A3; CDK8; ARPC2; PECAM1; FBN1; CLDN9; TRO; IKBKG; VAV2; PARD6G; NEXN; PBX2; CALB2; MAPK13; COL9A1; MAPK14; CD86; SDC3; EXOC4; STX4; ITGA3; ACTC1; ICAM2; INSIG1; RSU1; CLDN14; PIK3R3; B4GALT1; COL17A1; CLDN7"
"HALLMARK_HYPOXIA",1.84899460894984e-06,5.13609613597177e-06,0.643551836150722,0.416072184689518,1.81167113524718,199,"ENO1; BGN; PIM1; SERPINE1; CCN1; MT2A; GPI; FOSL2; TGFBI; VEGFA; PGK1; LDHA; EXT1; ALDOA; CCNG2; NDST1; IGFBP3; MT1E; PLAUR; IER3; VHL; ILVBL; NAGK; PGM1; MYH9; GPC1; SLC2A3; HOXB9; TMEM45A; KLF6; GPC4; TPI1; ETS1; JUN; TES; KLHL24; LOX; ACKR3; CCN2; NDRG1; SLC2A1; SIAH2; MIF; CDKN1B; SDC4; HDLBP; CXCR4; TPD52; COL5A1; PRKCA; PGM2; UGP2; STC2; KDM3A; CASP6; RBPJ; DDIT4; ANXA2; TNFAIP3; DDIT3; CP; PLIN2; CDKN1C; B3GALT6; PDK1; ERO1A; DTNA"
"HALLMARK_GLYCOLYSIS",9.88420869906227e-06,2.14874102153528e-05,0.593325476396405,0.406130463662322,1.76630080501006,198,"ENO1; STMN1; VCAN; B4GALT2; TGFBI; VEGFA; PGK1; LDHA; EXT1; GFUS; ALDOA; PKM; AURKA; GNPDA1; MDH2; AKR1A1; NASP; CDK1; PPIA; IGFBP3; CHPF2; IER3; SDC1; AGRN; GPC1; TPST1; GPC4; CENPA; TPI1; B3GNT3; G6PD; SLC16A3; COPB2; SLC25A13; CHPF; PLOD2; PLOD1; GUSB; PSMC4; HAX1; RBCK1; TALDO1; COG2; MIF; HDLBP; CXCR4; COL5A1; PGM2; LHPP; UGP2; MDH1; STC2; CASP6; DDIT4; ECD; DSC2; PGLS; SOX9; MED24; DEPDC1; B3GALT6; ERO1A; MERTK; IDH1; IL13RA1; HMMR; GOT1; GFPT1; GYS1; PYGL; CLN6; TPBG; NANP; CLDN3; KIF20A; B3GAT1; CLDN9; PAXIP1; SDHC; FKBP4; RARS1; PFKP"
"HALLMARK_INFLAMMATORY_RESPONSE",4.46509009307395e-06,1.11627252326849e-05,0.610526878385931,0.40237905706254,1.75305725513592,200,"SERPINE1; ICAM1; EIF2AK2; ADRM1; DCBLD2; BST2; MMP14; ITGA5; RGS16; IFITM1; PLAUR; INHBA; IRF7; NAMPT; MXD1; EBI3; ATP2C1; LY6E; KLF6; SLC7A1; KIF1B; RGS1; CXCL9; LAMP3; TNFSF10; GNAI3; ABI1; SLC11A2; CCL2; RAF1; CD40; PTPRE; AXL; MSR1; PDPN; ITGB8; P2RY2; GPR183; HAS2; SEMA4D; CXCL8; FPR1; OLR1; STAB1; NMI; CD69; TAPBP; LIF; OSMR; RNF144B; TIMP1; CXCL11; SPHK1; SLAMF1; PTAFR; RTP4; PVR; ACVR1B; HBEGF; TNFAIP6; IL4R; TNFRSF9; MARCO; CD14; CYBB; PIK3R5; TPBG; IL10RA; IL6; CCL20; CCR7; ATP2B1; RHOG; GCH1; EDN1; FZD5; ADM; LYN; CD48; SELL; PDE4B; PCDH7; SELE; RELA; ACVR2A; CSF3R; CHST2; CCL17; LDLR; NFKBIA; HPN; LCP2"
"HALLMARK_COMPLEMENT",5.8404406725959e-06,1.32737288013543e-05,0.610526878385931,0.399797903938096,1.74181186566546,200,"FN1; PIM1; SERPINE1; GRB2; CEBPB; SIRT6; CFH; BRPF3; MMP14; LGMN; SERPING1; DUSP5; USP15; S100A9; DYRK2; FCER1G; SERPINA1; GNAI2; PLAUR; IRF7; C1S; GZMB; COL4A2; USP14; ATOX1; CFB; SPOCK2; PPP4C; PFN1; TIMP2; CTSB; GNAI3; PIK3CA; C1QA; C1QC; GNB4; RAF1; CTSD; PLSCR1; KCNIP3; CSRP1; SRC; CXCL1; LAMP2; EHD1; LRP1; PREP; CTSL; OLR1; C1R; DUSP6; CTSC; C2; CALM3; ADAM9; TNFAIP3; TIMP1; KYNU; PLEK; CP; C3; PLA2G7"
"HALLMARK_ANGIOGENESIS",0.00312448610425917,0.00557943947189137,0.335068558717014,0.522029146942325,1.72573850278431,36,"VCAN; VEGFA; SPP1; COL5A2; TNFRSF21; COL3A1; PTK2; FSTL1; LUM; FGFR1; APP; OLR1; TIMP1"
"HALLMARK_PROTEIN_SECRETION",0.00163552457374579,0.00302874921064036,0.45505986738723,0.416863407985125,1.64572692006601,96,"GNAS; AP2S1; M6PR; IGF2R; PPT1; RAB2A; AP2M1; ADAM10; CLTA; DST; ARF1; YKT6; KIF1B; CLTC; COPB2; LAMP2; SEC22B; ATP6V1H; VPS45; COG2; AP3B1; MON2; VAMP3; TPD52; RER1; STX16; SEC24D; RAB22A; CTSC; ANP32E; SCAMP3; GLA; YIPF6; SNAP23; AP3S1; STAM; VAMP7; CD63; NAPA; SCRN1; TMED2; ARCN1; MAPK1; KRT18; COPB1; SEC31A"
"HALLMARK_KRAS_SIGNALING_UP",0.000586450466333032,0.00117290093266606,0.477270815362862,0.362648350379607,1.57905183956964,199,"EMP1; PLAU; WNT7A; EPHB2; SPP1; CFH; TRIB2; MMP11; TRIB1; DCBLD2; H2BC3; FCER1G; IGFBP3; RGS16; ADAM17; PLAUR; INHBA; F13A1; GPNMB; LAPTM5; CFB; BPGM; ETV4; ADAM8; MYCN; MMD; KIF5C; ZNF639; ETS1; RBM4; YRDC; PCSK1N; LCP1; MMP9; JUP; PSMB8; TMEM176A; ID2; TMEM176B; CXCR4; PDCD1LG2; ANKH; DUSP6; PTBP2; ETV5; ETV1; LIF; WDR33; ST6GAL1; TNFAIP3; SCG5; TMEM158; PCP4; PRRX1; SOX9; ERO1A; SNAP25; HBEGF; IKZF1; CBL; CA2; FGF9; MAFB; DOCK2; LY96; IL10RA; CD37; GFPT2; CCL20; PECAM1; ZNF277"
"HALLMARK_COAGULATION",0.00825488776249095,0.0133143351007919,0.191387828756382,0.353321130632914,1.46872636397367,138,"FN1; SERPINE1; PLAU; CFH; COMP; MMP11; SPARC; MMP14; ARF4; LGMN; SERPING1; HTRA1; SERPINA1; PEF1; MMP2; THBS1; C1S; CFB; CTSB; C1QA; MMP9; CSRP1; WDR1; LAMP2; KLK8; LRP1; MMP7; PREP; OLR1; C1R; DUSP6; C2; ADAM9; TIMP1; PLEK; C3"
"HALLMARK_IL2_STAT5_SIGNALING",0.00469613259668508,0.00809678033911221,0.248832632022043,0.336799293545879,1.46477281697225,198,"PIM1; EMP1; CTSZ; SYT11; SPP1; CKAP4; TNFRSF21; IGF2R; CAPG; PNP; BMPR2; LTB; ODC1; CCNE1; MAPKAPK2; UCK2; RGS16; PLEC; GLIPR2; CDC6; MXD1; ETV4; SLC2A3; KLF6; TWSG1; NCOA3; TNFSF10; ADAM19; PHLDA1; SPRED2; GPX4; ST3GAL4; RHOB; PLSCR1; NDRG1; IRF4; BCL2L1; SLC39A8; IFITM3; PUS1; MAP3K8; CDCP1; TNFRSF4; LIF; DCPS; NOP2; WLS; IFNGR1; DENND5A; CYFIP1; ITIH5; SOCS1; PLIN2; CDKN1C; NFKBIZ; SLC29A2"
"HALLMARK_UV_RESPONSE_DN",0.0230547550432277,0.0360230547550432,0.113318868985054,0.329456047804133,1.37568930683608,143,"RND3; COL1A1; ATRX; SERPINE1; CCN1; COL5A2; DLG1; LAMC1; RUNX1; FHL2; SMAD7; COL3A1; COL1A2; RASA2; MT1E; ATP2B4; COL11A1; ATP2C1; SLC7A1; ATRN; APBB2; FZD2; ABCC1; NEK7; GJA1; LTBP1; SCHIP1; CDKN1B; GCNT1; PDLIM5; HAS2; ID1; PRKCA; DYRK1A; ANXA2; PRKAR2B; MTA1; CAP2; DMAC2L"
"HALLMARK_REACTIVE_OXYGEN_SPECIES_PATHWAY",0.074963959634791,0.110241117109987,0.0651459743455219,0.383740311116803,1.3437360294817,48,"ATOX1; SOD2; ERCC2; G6PD; PRDX2; PRDX1; GPX4; ABCC1; PRDX6; JUNB; LAMTOR5; GPX3; PRDX4; SCAF4; SRXN1; PTPA"
"HALLMARK_ADIPOGENESIS",0.102900552486188,0.147000789265983,0.0508678015760926,0.276323630229875,1.20175828751457,198,"YWHAG; MTCH2; COL4A1; APOE; NABP1; SLC5A6; ATP1B3; AK2; GADD45A; ALDOA; CCNG2; COX6A1; MDH2; PPP1R15B; PREB; PGM1; APLP2; VEGFB; UQCRC1; DHCR7; CYC1; GPX4; COX8A; MCCC1; MRPL15; ATL2; NDUFS3; GPX3; LPCAT3; UQCRQ; CHUK; PDCD4; TALDO1; ATP5PO; PTCD3; SORBS1; SDHB; POR; SLC19A1; NDUFAB1; IFNGR1; COX7B; TKT; ACAA2; ITGA7; C3; ITIH5; PLIN2; MAP4K3; RIOK3; IDH1; RTN3; CHCHD10; CS; LIPE; UBQLN1; RAB34; SOWAHC; PHLDB1; ACADM; DECR1; PHYH; PRDX3; SDHC; ELMOD3; G3BP2; CD151; BCL6; CMPK1; ECHS1"
"HALLMARK_CHOLESTEROL_HOMEOSTASIS",0.173872180451128,0.234962406015038,0.0408390204953239,0.315548470545391,1.1907274309516,73,"TNFRSF12A; SCD; FASN; CBS; CTNNB1; LGMN; S100A11; PLAUR; FADS2; DHCR7; GLDC; CXCL16; ATF5; FDPS; GUSB; PLSCR1; STX5; SQLE; EBP; FABP5; MAL2; MVK; ACAT2"
"HALLMARK_HEDGEHOG_SIGNALING",0.207038316066436,0.272418836929522,0.0380226568364937,0.359630848683236,1.18887768239927,36,"THY1; VEGFA; NRP2; MYH9; NF1; CDK6; PML; L1CAM"
"HALLMARK_P53_PATHWAY",0.1567081604426,0.217650222836945,0.0403698748306891,0.266212811716649,1.15719716576151,197,"CDKN2A; KRT17; IFI30; CSRNP2; LDHB; GADD45A; SEC61A1; IRAK1; S100A10; ABCC5; H1-2; PCNA; RGS16; IER3; SDC1; EPHA2; MXD1; TGFB1; TAX1BP3; DNTTIP2; PRMT2; ADA; RPS12; JUN; PLK2; PTPN14; TRIAP1; CTSD; VAMP8; RHBDF2; NDRG1; PTPRE; RAD51C; WRAP73; KLK8; CDKN2B; APP; GM2A; BAK1; LIF; ST14; DDIT4; DDIT3; HDAC3; SPHK1; SOCS1; OSGIN1; FOS; ACVR1B; HBEGF; SLC3A2; ATF3; DGKA; CTSF; DEF6; HMOX1; CDK5R1; NUDT15"
"HALLMARK_NOTCH_SIGNALING",0.249541895718807,0.319925507331804,0.0343768711554883,0.357817765876549,1.15163513769197,32,"FZD7; NOTCH3; APH1A; RBX1; CUL1; HES1; PRKCA; WNT5A; PSEN2"
"HALLMARK_APICAL_SURFACE",0.266255878060645,0.332819847575807,0.0325552018895575,0.327580682216128,1.12808684347689,44,"THY1; DCBLD2; ADAM10; EPHB4; PLAUR; NCOA6; MAL; BRCA1; APP"
"HALLMARK_ANDROGEN_RESPONSE",0.346159672776852,0.412094848543871,0.0265133256279299,0.266059447326042,1.05773327997077,100,"SRF; SCD; ADRM1; DBI; UBE2J1; PMEPA1; KRT8; GNAI3; ARID5B; SLC38A2; CDK6; ACTN1; SGK1; NDRG1; IQGAP2; AKT1; TPD52; PDLIM5; SEC24D; MYL12A; ANKH; TMEM50A; CENPN; ZBTB10; MERTK; RAB4A; XRCC6; UAP1; IDI1; CAMKK2; ITGAV; ACSL3; DHCR24; AKAP12; INSIG1; LMAN1; B4GALT1; ABHD2"
"HALLMARK_MYOGENESIS",0.341178089733003,0.412094848543871,0.025132510978069,0.241407105389789,1.0511404048906,199,"ITGB1; COL1A1; TEAD4; PDLIM7; TPM3; MYL6B; TAGLN; SCD; SPARC; COL3A1; LPIN1; WWTR1; TPM2; AEBP1; IGFBP3; PFKM; COL4A2; AGRN; MYH9; TGFB1; EPHB3; ITGB5; ACSL1; TNNT1; FDPS; IFRD1; ATP6AP1; COL6A2; NAV2; PKIA; GPX3"
"HALLMARK_PEROXISOME",0.445265379975875,0.517750441832412,0.0222895691377417,0.252321358436192,1.00803192349812,103,"TOP2A; ABCC5; SMARCC1; PABPC1; CRABP2; SOD2; CNBP; CTPS1; ACSL4; ACSL1; SEMA3C; PRDX1; MSH2; FDPS; IDH2; CTBP1; ITGB1BP1; ABCB9; CADM1; ACOT8; SLC25A19; SLC35B2; YWHAH; NUDT19; ERCC3; BCL10; EHHADH; CRABP1; ABCD3; IDH1; DLG4"
"HALLMARK_HEME_METABOLISM",0.545580110497238,0.606200122774708,0.0178569053822912,0.222266779383041,0.96665979648766,198,"MBOAT2; HDGF; GMPS; OPTN; RNF19A; TOP1; USP15; DCUN1D1; UROD; TFRC; IGSF3; EIF2AK1; EPB41; H4C3; BPGM; LPIN2; CTSB; PRDX2; SLC11A2; NEK7; BACH1; ASNS; NNT; NARF; BLVRA; LAMP2; MARCHF2; RAD23A; SLC2A1; ATP6V0A1; TFDP2; PICALM; RBM38; CDR2"
"HALLMARK_SPERMATOGENESIS",0.628264654672084,0.668366653906472,0.0165110476955968,0.224298359281291,0.929018679592328,134,"RPL39L; KIF2C; EZH2; AURKA; LPIN1; BUB1; TTK; TOPBP1; CCNB2; CDK1; PHKG2; RFC4; NCAPH; PCSK1N; NEK2; CDKN3; TSN; TALDO1; PIAS2; AGFG1; PARP2; CAMK4; PSMG1; GAD1; MAST2; PGS1; YBX2"
"HALLMARK_WNT_BETA_CATENIN_SIGNALING",0.759653141361257,0.778057057517551,0.0154984789893718,0.242732722615629,0.826458167941576,42,"CTNNB1; ADAM17; WNT6; NCSTN; SKP2; CUL1; HDAC2; LEF1; RBPJ; PSEN2; NKD1; AXIN2; CSNK1E; AXIN1"
"HALLMARK_PANCREAS_BETA_CELLS",0.7624959163672,0.778057057517551,0.0154208143584264,0.243187745750124,0.821927422464655,40,"SRPRB; SRP9; NKX6-1; NEUROD1; SPCS1; SST; SEC11A"
"HALLMARK_KRAS_SIGNALING_DN",0.999723565998618,0.999723565998618,0.0089248824111273,0.140679779149292,0.61141813366675,196,"SKIL; IGFBP2; MX1; PTPRJ; CLSTN3; IFI44L; RSAD2; TCF7L1; CAMK1D; CLDN16; KRT5; SPTBN2; MACROH2A2; SGK1; KLK8; DTNB; NTF3; CDKAL1; UPK3B; SLC25A23; YBX2; KMT2D; KLK7; SNN; PDCD1; OXT; COL2A1; CLPS; HTR1B; EDN2; EFHD1; CCDC106; ENTPD7; BARD1; SPHK2; TGFB2"
"HALLMARK_FATTY_ACID_METABOLISM",0.589244473771033,0.640483123664166,0.0309447894171407,-0.205627543883278,-0.95545496844694,155,"ALDH1A1; CRYZ; ACSL5; MAOA; MGLL; HADH; ELOVL5; HSDL2; LTC4S; SLC22A5; GABARAPL1; MLYCD; ACO2; ETFDH; EPHX1; AQP7; HIBCH; CD36; ACADS; CIDEA; SUCLG2; ACSS1; CEL"
"HALLMARK_XENOBIOTIC_METABOLISM",0.529605263157895,0.601824162679426,0.0350540553554165,-0.203415065573693,-0.972966813912803,199,"CNDP2; ESR1; ACOX3; MAOA; PDK4; ELOVL5; PTGR1; GABARAPL1; CAT; CYB5A; ACO2; ETFDH; PMM1; EPHX1; NDRG2; ACOX2; GSTA3; TMBIM6; PROS1; SAR1B; GCLC; SERPINA6; CD36; LCAT; ITIH4; PTGDS; ATOH8; CES1; PTGES3; AKR1C3; PSMB10; BPHL; DHRS7; HSD11B1; PEMT; MCCC2; AQP9; PTGES; AOX1; ALDH9A1; FMO3"
"HALLMARK_ESTROGEN_RESPONSE_LATE",0.0271542360608255,0.0411427819103417,0.166521148019972,-0.269223171597581,-1.28791617388655,198,"PGR; AGR2; TFF3; SOX3; SLC27A2; CHPT1; ELOVL5; ALDH3B1; CKB; HSPA4L; SLC22A5; FDFT1; BCL2; SERPINA3; SCUBE2; KLK11; TJP3; MYB; MYOF; CISH; ACOX2; CAV1; AFF1; TPD52L1; SERPINA5; LARGE1; NRIP1; TST; HR; PLAAT3; IL6ST; CA12; ARL3; GAL; PERP; WFS1; HOMER2; TIAM1; TFPI2; PDZK1; BAG1; MOCS2; ASS1; ALDH3A2; DNAJC12; TOB1; PTGES; LAMC2; SORD; GPER1; CCN5; CCNA1"
"HALLMARK_ESTROGEN_RESPONSE_EARLY",0.00146027602698683,0.00280822312882083,0.45505986738723,-0.310687183651848,-1.48627269514,198,"PGR; SLC7A2; AR; TFF3; SOX3; DEPTOR; SLC27A2; CHPT1; ELOVL5; ALDH3B1; GREB1; MLPH; SLC22A5; FDFT1; BCL2; SYBU; REEP1; CELSR1; MAST4; TJP3; MYB; MYOF; ADCY9; SLC39A6; CISH; AFF1; AQP3; TPD52L1; RETREG1; NRIP1; PEX11A; HR; MPPED2; THSD4; PLAAT3; IL6ST; IGF1R; CA12; ARL3; TGM2; WFS1; TIAM1; PDZK1; BAG1; DLC1; TOB1; PTGES; CCN5; ASB13"
"HALLMARK_BILE_ACID_METABOLISM",0.0054364240410752,0.00906070673512534,0.34452128726268,-0.345481709002974,-1.52648259981394,111,"ALDH1A1; AR; ACSL5; EPHX2; SLC27A2; SLC23A1; BBOX1; CAT; MLYCD; EFHC1; RXRA; NR3C2; DIO1; PECR; PEX11A; SERPINA6; FDXR; ABCA5; CYP46A1; ABCA8; PRDX5; ABCA2; SOAT2; CYP7B1; AQP9; ABCA9; LONP2; PEX6; RBP1; ALDH9A1"
